scenario,calls,pct_of_total,proxy_resolution_rate,true_resolution_rate,proxy_true_gap_rate,credit_applied_rate,bandaid_rate,detection_density_avg,trust_score_avg,outcome_risk_avg,scripted_rate,resolution_gap,scenario_dov
unresolvable_clean,28780,23.44,0.5517373175816539,0.10208478109798472,0.4926685198054204,0.8493050729673385,0.0,0.013913431946788443,72.91094405837387,0.5003422515635858,0.0,0.4497,0.535685
activation_failed,12737,10.37,0.45183324173667266,0.07804035487163383,0.41132134725602576,0.8980921724110859,0.0,0.08496057604952949,73.00886865038864,0.5666797519039021,0.0,0.3738,0.44885
clean,62063,50.54,0.8921901938352964,0.9143451009458131,0.07742132993893303,0.3561864556982421,0.0,0.007084966658303428,94.15747724086815,0.06929168747885213,0.0,-0.0222,0.176998
activation_clean,10592,8.63,0.9222054380664653,0.9175793051359517,0.07618957703927492,0.0,0.0,0.004383362106171774,95.51888500755287,0.05661820241691842,0.0,0.0046,0.147753
line_add_legitimate,8629,7.03,0.8929192258662649,0.9262950515702862,0.06640398655695909,0.0,0.0,0.009221396288263827,95.5393915865106,0.06315911461351258,0.0,-0.0334,0.166184
